	x	Left	Right	Central	Second	Actual f'(x)	Actual f''(x)
0	0.16667	-0.64234	-1.65195	-1.14714	-6.05767	-1.23674	-6.28710
1	0.33333	-1.65195	-1.95415	-1.80305	-1.81323	-1.94388	-1.88190
2	0.50000	-1.95415	-1.41954	-1.68685	3.20768	-1.81859	3.32917
3	0.66667	-1.41954	-0.27704	-0.84829	6.85498	-0.91455	7.11461
4	0.83333	-0.27704	0.98409	0.35352	7.56680	0.38114	7.85339
