Usage of Zeidel is possible:	False


6.10000000	-2.20000000	-1.20000000	-3.30000000	|	-0.40000000
7.20000000	0.90000000	1.80000000	-4.10000000	|	3.10000000
-1.50000000	1.00000000	6.30000000	0.80000000	|	-5.00000000
2.80000000	3.30000000	1.10000000	2.50000000	|	10.80000000